camera,latitude,longitude,x,y,assigned_node_id,node_x,node_y,distance_m
Garudamall_JN2_FIX-1,12.9705,77.6102,3963.214672154514,3497.975618502591,9363518171,3972.77,3489.64,12.68017452779944
Garudamall_JN4_HD-1,12.9702,77.6103,3974.4100789906224,3464.8797127192374,248459878,3972.85,3488.72,23.891277573337547
Mayohall_JN1_FIX_1,12.9743,77.6111,4056.609147325158,3919.5976200264413,1232953300,4055.61,3864.7,54.90671161110378
Mayohall_JN2_FIX_1,12.9744,77.6111,4056.49581317883,3930.666624556994,cluster_11854316017_11854316018_11854316019_4044263600,4060.64,3928.53,4.66255819334285
Mayohall_JN3_FIX_1,12.9743,77.6111,4056.609147325158,3919.5976200264413,1232953258,4015.76,3831.48,97.12552597704035
Brigade_Rd_St_Pat_Church_JN1_FIX_1,12.971,77.6069,3604.414313104702,3549.6571969112847,cluster1232963659_5372824878,3616.94,3591.54,43.71569542815411
Brigade_Rd_St_Pat_Church_JN2_FIX_1,12.971,77.6069,3604.414313104702,3549.6571969112847,1232963668,3630.1,3596.24,53.19503787840811
Commisrate_Rd_ftball_Stdm_JN1_FIX_1,12.9688,77.6106,4008.5627487374004,3310.2470110061113,11854316023,3911.24,3503.72,216.57219325673486
Commisrate_Rd_ftball_Stdm_JN3_FIX_1,12.9688,77.6107,4019.418437858345,3310.3580951369368,1274338614,3997.78,3473.32,164.3922274000434
Life_Styl_JN2_FIX_1,12.9673,77.6111,4064.5404023773735,3144.767469902057,cluster_12462507949_13462280316_4903183637_6017833824,4069.61,3132.71,13.079885339495739
Life_Styl_JN4_FIX_3,12.9672,77.6113,4086.365201649023,3133.9206598438323,cluster_253890170_4044110245,4221.71,2532.46,616.5007216382189
Vellara_JN3_FIX_1,12.9663,77.6067,3588.018587866449,3029.193937209202,248455472,3282.36,2967.46,311.8304849431197
Hosuru_Rd_Cmtry_JN1_FIX_1,12.9549,77.6056,3481.4845456229523,1766.1138759916648,cluster_10043357420_4294224252,3441.78,1527.41,241.98345265031892
Johnson_Mrkt_JN2_FIX_1,12.9648,77.6067,3589.7145936582237,2863.159483865369,2890442001,3589.02,2819.09,44.074957385232494
Commis_Rd_ftball_Stdm_JN2_FIX_1,12.9689,77.6106,4008.4494836137164,3321.316007853253,11854316021,3974.45,3487.14,169.2736283580045
Life_Styl_JN1_HD_1,12.9672,77.611,4053.797913627466,3133.5873816949315,cluster_3268824710_4044110261,3939.29,2894.73,264.8866004037831
Life_Styl_JN1_PTZ_1,12.9672,77.611,4053.797913627466,3133.5873816949315,1598530796,4038.27,3118.88,21.387453750796393
Life_Styl_JN3_FIX_2,12.9674,77.6112,4075.2828823466552,3155.947564039612,clustercluster_12460840938_12460840939_cluster_9870839712_9870882717,4384.5,3278.04,332.44817456046263
Old_PS_Crle_Nr_Giriyas_JN1_FIX_1,12.9682,77.6063,3542.4473055464914,3239.0606577352155,cluster_12460929618_263155275_9933265930,3522.51,3266.78,34.14466412261845
Richmond_Rd_Mthr_Tersa_Rd_JN1_FIX_1,12.9667,77.6086,3793.825671561295,3075.577641364187,23029284-AddedOnRampNode,3587.65,3487.14,460.3172629715558
Richmond_Rd_Mthr_Tersa_Rd_JN2_FIX_2,12.9666,77.6089,3826.5061408171896,3064.8416184079833,cluster_11919132703_12462507904,3809.14,3071.33,18.538660754382516
Vellara_JN1_FIX_1,12.9661,77.6067,3588.2447331235744,3007.0560092227533,4294218111,3601.52,2871.51,136.194542206562
Vellara_JN2_PTZ_1,12.9663,77.6069,3609.730123564368,3029.4157369488385,cluster_10043357422_10120806056_12460929706_13507201648_#3more,3591.64,3013.23,24.274073641461687
Richmond_Crlc_JN1_FIX_1,12.9648,77.5969,2525.8467687421944,2852.3133787575644,1067781007,2533.17,2856.05,8.221438704066628
Richmond_Crlc_JN2_FIX_1,12.9648,77.5969,2525.8467687421944,2852.3133787575644,13321896550,2538.63,2868.58,20.688498448060393
Richmond_Crlc_JN3_FIX_1,12.965,77.5971,2547.3329947649036,2874.672091803048,428435133,2555.44,2867.99,10.50589761735015
Richmond_Crlc_JN4_FIX_1,12.965,77.5968,2514.765751805855,2874.3406843610574,428435131,2520.1,2869.25,7.3735521331752025
KH_Rd_Cmg_frm_Mission_Rd_JN1_FIX_1,12.9623,77.5948,2300.6893680163193,2573.2728537342045,6991440387,2302.48,2582.5,9.39928673418165
KH_Rd_Cmg_frm_Mission_Rd_JN2_FIX_1,12.9624,77.5946,2278.865159572568,2584.1210155675653,cluster_1067789550_248455441_428457189_6894860920,2273.23,2568.49,16.61576573865252
KH_Rd_Cmg_frm_Mission_Rd_JN2_FIX_2,12.9624,77.5946,2278.865159572568,2584.1210155675653,12167359660,2286.69,2560.67,24.722019716539478
KH_Rd_Nr_Madhutyres_JN2_FIX_1,12.9625,77.5952,2343.8876884665806,2595.8520520017482,1454651936,2451.43,2720.55,164.6661076388391
KH_Rd_JN_Nr_Madhutyres_JN3_FIX_1,12.9623,77.595,2322.401066391729,2573.493574256776,cluster_cluster_1067789502_6894860921_cluster_1067789545_13343865545_13343865547,2333.28,2591.26,20.832596577063562
Hosuru_Rd_Cmtry_Rd_JN3_PTZ_1,12.9527,77.6053,3451.3997044770513,1522.2648421239574,4294218134,3440.17,1437.9,85.10894694003761
Cash_Phrmcy_JN2_FIX_1,12.968037,77.600497,2912.677331160754,3214.5903535129037,11496183647,2895.14,3210.32,18.04976186455444
Bishop_Ctn_Grls_Schl_RsdncyRd_JN2_FIX_1,12.969294,77.602365,3114.041663173586,3355.7944049956277,248455468,3117.95,3369.65,14.396270686323266
Ashirvadam_Crlc_RsdncyRd_JN1_FIX_1,12.970997,77.60481,3377.536585944006,3547.00738228485,248459877,3517.94,3601.57,150.63265891070395
Ashirvadam_Crlc_RsdncyRd_JN2_FIX_1,12.970998,77.604808,3377.3183446732583,3547.1158547613304,60952254,3377.33,3536.44,10.67586112365937
Balekundri_Circle_HD_1,12.983846,77.597344,2552.5748458977323,4960.985650751973,663596611,2529.22,4937.99,32.77573462812908
Cubbon_Rd_BRV_FIX_1,12.979886,77.600936,2946.9574876844417,4526.632856022567,cluster_10075533192_10075533193_10684915913_10684915914_#1more,3113.43,4460.38,179.17181220214457
Cubbon_Rd_BRV_PTZ_1,12.979886,77.600936,2946.9574876844417,4526.632856022567,254665681,3159.84,4623.72,233.97623292864347
Kamrarj_Rd_Cubbon_Rd_FIX_1,12.98094277,77.610067,3936.9449528133264,4653.737808646867,cluster_10123663917_12691279976_1837445457,3938.25,4658.3,4.745180513115115
Kamrarj_Rd_Cubbon_Rd_FIX_2,12.98094277,77.610067,3936.9449528133264,4653.737808646867,36967993#1-AddedOnRampNode,3836.38,4690.89,107.20818558620591
Balekundri_Circle_FIX_1,12.983846,77.597344,2552.5748458977323,4960.985650751973,249082069,2593.67,4972.74,42.74314467764081
Balekundri_Circle_FIX_2,12.983846,77.597344,2552.5748458977323,4960.985650751973,clustercluster12484332871_1523537403_cluster_12803586900_12803624101_12827961143_9642156101_cluster_10601663791_12433045764,2526.5,5017.2,61.9673353466943
MuseumRd_Ganesha_Tmpl_FIX_1,12.971899,77.604465,3339.0655069821514,3646.46689389972,423784673,3336.65,3635.85,10.88820968106047
MuseumRd_Ganesha_Tmpl_FIX_2,12.971899,77.604465,3339.0655069821514,3646.46689389972,248459812,3207.07,3750.65,168.1574662635511
MuseumRd_Ganesha_Tmpl_FIX_3,12.971899,77.604465,3339.0655069821514,3646.46689389972,3355740080,3622.72,3697.22,288.1592427600386
High_Court_Entrance_FIX_1,12.96767,77.588652,1627.2440084269037,3160.891864016885,428420790,1779.77,3170.39,152.82144055239752
High_Court_Entrance_FIX_2,12.96767,77.588652,1627.2440084269037,3160.891864016885,663313892,1702.52,3157.93,75.33423886764486
In_Fnt_Halsurgate_PolcStn_PTZ_1,12.966803,77.587471,1500.0129770652857,3063.6248524708208,cluster12128943145_287793596_37898955#0-AddedOnRampNode,1491.43,3069.6,10.458005703702511
In_Fnt_Halsurgate_PolcStn_HD_1,12.966803,77.587471,1500.0129770652857,3063.6248524708208,cluster245615180_249081348_cluster_12759084951_663313887,1601.52,3151.18,134.05066043822734
Bbmp_Bus_Stop_FIX_1,12.966652,77.587786,1534.3776105793659,3047.2577124785166,286679311,1551.04,3068.77,27.21054456661659
Bbmp_Bus_Stop_FIX_2,12.966652,77.587786,1534.3776105793659,3047.2577124785166,663313886,1656.08,3105.28,134.82602656726695
NR_Sqr_FIX_1,12.9658,77.586448,1390.0855620690854,2951.478870307794,12111889684,1369.12,2956.09,21.46665576914636
13th_Crs_Kandaya_Bhavana_FIX_1,12.971005,77.583675,1083.2249529617839,3524.55960857193,429230970,791.59,3685.0,332.85442011578306
13th_Crs_Kandaya_Bhavana_FIX_2,12.971005,77.583675,1083.2249529617839,3524.55960857193,cluster1087824452_cluster_1087824504_1285102586,856.96,3721.6,300.0345726627605
KR_Circle_JN_FIX_1,12.976027,77.587037,1442.5447152298875,4084.1343286118936,12141911062,1443.93,4073.0,11.220173239836264
KR_Circle_HD_1,12.976027,77.587037,1442.5447152298875,4084.1343286118936,12141911057,1454.0,4085.84,11.581574333767254
WEB_FIX_1,12.973598,77.613845,4355.388052464463,3844.9456560269464,cluster_10075533183_11432437448_11432458994_11432458996,4360.27,3858.91,14.79311712714723
Old_Hgh_Grnd_Ps_FIX_1,12.986892,77.588738,1614.977085919818,5288.636886188295,152051153#3-AddedOffRampNode,1686.03,5003.01,294.33184454439635
Old_Hgh_Grnd_Ps_FIX_2,12.986892,77.588738,1614.977085919818,5288.636886188295,10121158732,1707.53,5188.6,136.28433696864553
Old_Hgh_Grnd_Ps_FIX_3,12.986892,77.588738,1614.977085919818,5288.636886188295,cluster_1363295017_cluster_12099941385_665045371_cluster_12099941393_1307598719,1624.41,5250.3,39.480333213618515
Chandhrika_Hotel_PTZ_1,12.989647,77.592744,2046.7146058999933,5598.005918922601,12135211599,2055.24,5599.28,8.620071180228715
Chandhrika_Hotel_FIX_2,12.989647,77.592744,2046.7146058999933,5598.005918922601,3751686654,1806.95,5299.33,383.0070114066313
Chandhrika_Hotel_FIX_3,12.989647,77.592744,2046.7146058999933,5598.005918922601,12185484353,1596.32,5689.07,459.5083980584918
Chandhrika_Hotel_FIX_1,12.989647,77.592744,2046.7146058999933,5598.005918922601,263156256,2111.91,5163.34,439.5280428876915
Seven_Minister_FIX_1,12.98831,77.587019,1426.790575025254,5443.697503443109,11668359723,1596.76,5684.07,294.3952148511221
Seven_Minister_FIX_2,12.98831,77.587019,1426.790575025254,5443.697503443109,1312448620#2-AddedOnRampNode,1293.11,5640.49,237.9028853128446
Balabruie_Guest_House_FIX_1,12.988759,77.593755,2157.4558966483455,5500.831513442332,316662057,2303.03,5297.11,250.38824773913132
Balabruie_Guest_House_FIX_2,12.988759,77.593755,2157.4558966483455,5500.831513442332,319889847,2145.45,5501.31,12.015427737564229
Dasarappa_Hssptl_Entrance_FIX_1,12.96388,77.584895,1223.6502543888055,2737.249889313942,429230952,1206.29,2721.34,23.5478876000782
Dasarappa_Hssptl_Entrance_FIX_2,12.96388,77.584895,1223.6502543888055,2737.249889313942,1739362364,1148.84,2710.25,79.53344066921103
Dasarappa_Hssptl_Entrance_FIX_3,12.96388,77.584895,1223.6502543888055,2737.249889313942,320644590,1125.11,2733.71,98.6038161095476
OTC_Rd_Beauty_Centre_FIX_1,12.965268,77.584205,1147.190254866844,2890.126094437903,249087934,1149.71,2890.07,2.5203694415753666
OTC_Rd_Beauty_Centre_FIX_2,12.965268,77.584205,1147.190254866844,2890.126094437903,111867007-AddedOffRampNode,1272.53,2930.23,131.59929692585024
NR_Square_FIX_1,12.965679,77.586546,1400.8598330093082,2938.1934464413207,cluster12128943147_287793735_cluster_10044013422_665062617_665062618,1491.56,3170.2,249.10552219153152
NR_Square_FIX_2,12.965679,77.586546,1400.8598330093082,2938.1934464413207,249087938,1426.09,2971.38,41.68823171449332
NR_Square_FIX_3,12.965679,77.586546,1400.8598330093082,2938.1934464413207,cluster_12128921370_12128921371,1422.16,2924.86,25.12922417893008
Townhall_FIX_1,12.964051,77.585334,1271.1150655493839,2756.6602288787253,1568922443,1236.0,2667.58,95.75152743232678
Townhall_FIX_2,12.964051,77.585334,1271.1150655493839,2756.6602288787253,cluster_12466406368_12466406369,1595.27,2424.15,464.369975168147
Townhall_HD_1,12.964051,77.585334,1271.1150655493839,2756.6602288787253,cluster_12128921387_12128921388,1140.47,2472.71,312.5633785853411
Townhall_PTZ_1,12.964051,77.585334,1271.1150655493839,2756.6602288787253,cluster_12077162815_3309317524,1262.33,2739.93,18.896505895046122
Kalinga_Roa_Bus_Std_FIX_1,12.96498,77.58734,1487.8380545530235,2861.6962424234953,3356616807,1575.15,2795.94,109.30351886098308
Kalinga_Roa_Bus_Std_FIX_2,12.96498,77.58734,1487.8380545530235,2861.6962424234953,12128921373,1693.77,2681.02,273.9559649503002
Kalinga_Roa_Bus_Std_FIX_3,12.96498,77.58734,1487.8380545530235,2861.6962424234953,52033011#4-AddedOnRampNode,1699.54,3015.22,261.50957505690667
Richmond_Circle_JN_FIX_1,12.964917,77.596661,2499.7697437996976,2864.999972057529,12119649210,2514.87,2856.09,17.53297862260457
Richmond_Circle_PTZ_1,12.964917,77.596661,2499.7697437996976,2864.999972057529,248455457,2509.67,2890.34,27.20536875245135
RRMR_Rd_FIX_1,12.966924,77.594696,2284.1955906178337,3084.982522417791,11425338077,2311.79,3125.71,49.19531338816648
RRMR_Rd_FIX_2,12.966924,77.594696,2284.1955906178337,3084.982522417791,1469034722,2320.25,3079.76,36.43069003328338
RRMR_Rd_PTZ_1,12.966924,77.594696,2284.1955906178337,3084.982522417791,246167200,2310.7,3129.63,51.92187372535111
Hudson_Circle_FIX_1,12.966896,77.594667,2281.078968602,3081.8512267284095,1469034694,2295.6,3074.39,16.32575441302605
Hudson_Circle_HD_1,12.966896,77.594667,2281.078968602,3081.8512267284095,cluster_11425338076_458263319,2276.07,3100.46,19.27112371215751
Mission_Rd_Bus_Stp_HD_1,12.966869,77.594667,2281.1093583956826,3078.862632132368,1308725870#2-AddedOnRampNode,2355.64,2986.86,118.40312857874585
Mission_Rd_Bus_Stp_HD_2,12.966869,77.594667,2281.1093583956826,3078.862632132368,498553874#0-AddedOffRampNode,2347.11,2988.78,111.67347627828686
KB_Rd_FIX_1,12.968043,77.589225,1689.0274432149017,3202.8097367885057,428420786,1719.91,3232.26,42.67376614280878
Maharani_Cllge_Nr_Bridge_FIX_1,12.978156,77.584199,1132.086275066482,4316.665070336079,597084152,1134.96,4311.92,5.547430710505731
Maharani_Cllge_Nr_Bridge_FIX_2,12.978156,77.584199,1132.086275066482,4316.665070336079,597083726,1175.92,4281.45,56.2271875547973
Oni_Anjaneya_Tmpl_FIX_1,12.976815,77.583565,1064.7691984296544,4167.53512304998,597084149,1102.85,4203.21,52.18088053721498
Oni_Anjaneya_Tmpl_FIX_2,12.976815,77.583565,1064.7691984296544,4167.53512304998,234946738#0-AddedOnRampNode,1054.3,4116.87,51.73546954874486
CTO_Circle_JN_PTZ_1,12.981506,77.596389,2451.5489925614092,4700.917176884832,3641907747,2441.27,4684.03,19.76953290336206
